id,domain,title,source,source_rank,source_id,source_item_url,artist,metadata_year,popularity,length_group
songs_smells_like_teen_spirit,songs,Smells Like Teen Spirit,ListenBrainz all-time recordings / MusicBrainz,38,5fb524f1-8cc8-4c04-a921-e34c0a911ea7,https://musicbrainz.org/recording/5fb524f1-8cc8-4c04-a921-e34c0a911ea7,Nirvana,1991,235769,long
songs_the_less_i_know_the_better,songs,The Less I Know the Better,ListenBrainz all-time recordings / MusicBrainz,46,78be434c-0908-458f-9693-f16cdebb68ef,https://musicbrainz.org/recording/78be434c-0908-458f-9693-f16cdebb68ef,Tame Impala,2015,217420,long
songs_seven_nation_army,songs,Seven Nation Army,ListenBrainz all-time recordings / MusicBrainz,62,24cc8311-98fd-423a-bed1-97728f5eabc5,https://musicbrainz.org/recording/24cc8311-98fd-423a-bed1-97728f5eabc5,The White Stripes,2003,200991,medium
songs_wonderwall,songs,Wonderwall,ListenBrainz all-time recordings / MusicBrainz,93,580f4553-e29a-4d19-989c-1b097b76de48,https://musicbrainz.org/recording/580f4553-e29a-4d19-989c-1b097b76de48,Oasis,1995,177591,short
songs_pumped_up_kicks,songs,Pumped Up Kicks,ListenBrainz all-time recordings / MusicBrainz,102,55cfb83f-adc1-4730-a71b-90b369fd3f84,https://musicbrainz.org/recording/55cfb83f-adc1-4730-a71b-90b369fd3f84,Foster the People,2010,170673,medium
songs_song_2,songs,Song 2,ListenBrainz all-time recordings / MusicBrainz,107,b39b7227-c271-4ab8-912b-cb1fe2fc0e5e,https://musicbrainz.org/recording/b39b7227-c271-4ab8-912b-cb1fe2fc0e5e,Blur,1997,166542,medium
songs_stairway_to_heaven,songs,Stairway to Heaven,ListenBrainz all-time recordings / MusicBrainz,118,ccfdd180-22e1-49b9-bd81-b5fcf2c6474e,https://musicbrainz.org/recording/ccfdd180-22e1-49b9-bd81-b5fcf2c6474e,Led Zeppelin,1971,162671,medium
songs_faint,songs,Faint,ListenBrainz all-time recordings / MusicBrainz,132,54a3c21c-5395-44a2-b90b-b7fab8095c20,https://musicbrainz.org/recording/54a3c21c-5395-44a2-b90b-b7fab8095c20,Linkin Park,2003,158756,short
songs_dreams,songs,Dreams,ListenBrainz all-time recordings / MusicBrainz,136,248cc9d1-97ea-493e-84d4-4c5ec718683b,https://musicbrainz.org/recording/248cc9d1-97ea-493e-84d4-4c5ec718683b,Fleetwood Mac,1977,156154,short
songs_stressed_out,songs,Stressed Out,ListenBrainz all-time recordings / MusicBrainz,139,e2b9b868-5aa3-400a-aae2-7c7e9c7d35fd,https://musicbrainz.org/recording/e2b9b868-5aa3-400a-aae2-7c7e9c7d35fd,twenty one pilots,2015,154284,medium
songs_losing_my_religion,songs,Losing My Religion,ListenBrainz all-time recordings / MusicBrainz,141,d4e0a590-e461-499a-8f62-b595b6c65ada,https://musicbrainz.org/recording/d4e0a590-e461-499a-8f62-b595b6c65ada,R.E.M.,1991,153391,medium
songs_californication,songs,Californication,ListenBrainz all-time recordings / MusicBrainz,146,084a24a9-b289-4584-9fb5-1ca0f7500eb3,https://musicbrainz.org/recording/084a24a9-b289-4584-9fb5-1ca0f7500eb3,Red Hot Chili Peppers,1999,152713,short
songs_radioactive,songs,Radioactive,ListenBrainz all-time recordings / MusicBrainz,147,bd61eda3-eb77-4634-ba66-4a084f7f8455,https://musicbrainz.org/recording/bd61eda3-eb77-4634-ba66-4a084f7f8455,Imagine Dragons,2012,152624,short
songs_teardrop,songs,Teardrop,ListenBrainz all-time recordings / MusicBrainz,165,f3bba4cd-8018-468b-902e-bc8f029593e5,https://musicbrainz.org/recording/f3bba4cd-8018-468b-902e-bc8f029593e5,Massive Attack,1998,147440,short
songs_money,songs,Money,ListenBrainz all-time recordings / MusicBrainz,170,7fef22bd-76aa-4803-b56b-93a5d6e70662,https://musicbrainz.org/recording/7fef22bd-76aa-4803-b56b-93a5d6e70662,Pink Floyd,1973,146962,short
songs_on_melancholy_hill,songs,On Melancholy Hill,ListenBrainz all-time recordings / MusicBrainz,177,842fbdae-8839-46e6-8a02-7f500a2b6597,https://musicbrainz.org/recording/842fbdae-8839-46e6-8a02-7f500a2b6597,Gorillaz,2010,145943,medium
songs_sweet_child_o_mine,songs,Sweet Child o’ Mine,ListenBrainz all-time recordings / MusicBrainz,186,1a8b5f7c-58ed-4757-a8d3-47bf7f77a32f,https://musicbrainz.org/recording/1a8b5f7c-58ed-4757-a8d3-47bf7f77a32f,Guns N’ Roses,1987,143999,long
songs_another_one_bites_the_dust,songs,Another One Bites the Dust,ListenBrainz all-time recordings / MusicBrainz,190,6b235773-16bd-4fc5-b57e-c966f9d1db6d,https://musicbrainz.org/recording/6b235773-16bd-4fc5-b57e-c966f9d1db6d,Queen,1980,143015,long
songs_billie_jean,songs,Billie Jean,ListenBrainz all-time recordings / MusicBrainz,196,f980fc14-e29b-481d-ad3a-5ed9b4ab6340,https://musicbrainz.org/recording/f980fc14-e29b-481d-ad3a-5ed9b4ab6340,Michael Jackson,1982,141352,medium
songs_black_hole_sun,songs,Black Hole Sun,ListenBrainz all-time recordings / MusicBrainz,200,14e9b000-b3d8-453f-abb9-26fbdecf3dbc,https://musicbrainz.org/recording/14e9b000-b3d8-453f-abb9-26fbdecf3dbc,Soundgarden,1994,140601,medium
songs_neva,songs,Neva,ListenBrainz all-time recordings / MusicBrainz,220,36c3f804-828e-47d9-a76d-94485305db8d,https://musicbrainz.org/recording/36c3f804-828e-47d9-a76d-94485305db8d,Megan Thee Stallion,2018,135954,short
songs_what_you_know,songs,What You Know,ListenBrainz all-time recordings / MusicBrainz,225,cadde50b-8c42-4a16-af00-185fcc3827f4,https://musicbrainz.org/recording/cadde50b-8c42-4a16-af00-185fcc3827f4,Two Door Cinema Club,2010,135356,medium
songs_there_is_a_light_that_never_goes_out,songs,There Is a Light That Never Goes Out,ListenBrainz all-time recordings / MusicBrainz,230,f87a0c54-60ef-4db1-9628-96677504692d,https://musicbrainz.org/recording/f87a0c54-60ef-4db1-9628-96677504692d,The Smiths,1986,135040,long
songs_here_comes_the_sun,songs,Here Comes the Sun,ListenBrainz all-time recordings / MusicBrainz,251,440f60e8-0b25-4ec4-abb1-c6beec624ab0,https://musicbrainz.org/recording/440f60e8-0b25-4ec4-abb1-c6beec624ab0,The Beatles,1969,130223,long
songs_teenagers,songs,Teenagers,ListenBrainz all-time recordings / MusicBrainz,277,7ff393b8-befa-4211-9dba-09b9656b344e,https://musicbrainz.org/recording/7ff393b8-befa-4211-9dba-09b9656b344e,My Chemical Romance,2006,124855,short
songs_sunflower_spider_man_into_the_spider_verse,songs,Sunflower (Spider-Man: Into the Spider-Verse),ListenBrainz all-time recordings / MusicBrainz,278,b6df9d04-2303-4ec7-a416-367b06a026cb,https://musicbrainz.org/recording/b6df9d04-2303-4ec7-a416-367b06a026cb,Post Malone & Swae Lee,2018,124797,long
songs_mr_blue_sky,songs,Mr. Blue Sky,ListenBrainz all-time recordings / MusicBrainz,281,6e33056b-2a34-4ed0-b49c-f7a8ae2c5bcc,https://musicbrainz.org/recording/6e33056b-2a34-4ed0-b49c-f7a8ae2c5bcc,Electric Light Orchestra,1977,124469,medium
songs_skit,songs,skit,ListenBrainz all-time recordings / MusicBrainz,290,d6c92937-4d39-412a-8278-85004d81f9bd,https://musicbrainz.org/recording/d6c92937-4d39-412a-8278-85004d81f9bd,Agust D,2016,122745,short
songs_n_o,songs,N.O,ListenBrainz all-time recordings / MusicBrainz,300,4ca68043-cffc-455a-90ca-3ab2f6ae78e7,https://musicbrainz.org/recording/4ca68043-cffc-455a-90ca-3ab2f6ae78e7,BTS,2013,121372,short
songs_nude,songs,Nude,ListenBrainz all-time recordings / MusicBrainz,313,f3bea96c-5ebf-4d37-990d-14f1bc281459,https://musicbrainz.org/recording/f3bea96c-5ebf-4d37-990d-14f1bc281459,Radiohead,2007,119264,short
songs_dna_898059a0_7,songs,DNA.,ListenBrainz all-time recordings / MusicBrainz,321,898059a0-753c-4943-9604-d3c0e2929d81,https://musicbrainz.org/recording/898059a0-753c-4943-9604-d3c0e2929d81,Kendrick Lamar,2017,118291,short
songs_b_y_o_b,songs,B.Y.O.B.,ListenBrainz all-time recordings / MusicBrainz,325,81731a05-609e-472c-a2b6-186dcdded5a6,https://musicbrainz.org/recording/81731a05-609e-472c-a2b6-186dcdded5a6,System of a Down,2005,117493,short
songs_starlight,songs,Starlight,ListenBrainz all-time recordings / MusicBrainz,332,60e94685-0481-4d3d-bd84-11c389d9b2a5,https://musicbrainz.org/recording/60e94685-0481-4d3d-bd84-11c389d9b2a5,Muse,2006,116420,short
songs_dream_on,songs,Dream On,ListenBrainz all-time recordings / MusicBrainz,339,e135871f-0fed-4683-90e3-ebbe435fbe4e,https://musicbrainz.org/recording/e135871f-0fed-4683-90e3-ebbe435fbe4e,Aerosmith,1973,115445,medium
songs_dog_days_are_over,songs,Dog Days Are Over,ListenBrainz all-time recordings / MusicBrainz,344,52587f93-2a1d-45fb-a8ba-97aafa2c1f28,https://musicbrainz.org/recording/52587f93-2a1d-45fb-a8ba-97aafa2c1f28,Florence + the Machine,2008,114908,long
songs_hey_ya,songs,Hey Ya!,ListenBrainz all-time recordings / MusicBrainz,354,d1a3d960-7668-4755-a09b-135dc1393845,https://musicbrainz.org/recording/d1a3d960-7668-4755-a09b-135dc1393845,OutKast,2003,113724,medium
songs_starboy,songs,Starboy,ListenBrainz all-time recordings / MusicBrainz,362,3da01a8e-3c71-408f-a9c7-0c4d10ad4e7d,https://musicbrainz.org/recording/3da01a8e-3c71-408f-a9c7-0c4d10ad4e7d,The Weeknd featuring Daft Punk,2016,113204,short
songs_livin_on_a_prayer,songs,Livin’ on a Prayer,ListenBrainz all-time recordings / MusicBrainz,374,c7e5ae79-b20b-46ab-89b4-63612ac3206f,https://musicbrainz.org/recording/c7e5ae79-b20b-46ab-89b4-63612ac3206f,Bon Jovi,1986,111061,long
songs_i_bet_you_look_good_on_the_dancefloor,songs,I Bet You Look Good on the Dancefloor,ListenBrainz all-time recordings / MusicBrainz,381,f5e93176-0829-4823-a5be-3333e226824b,https://musicbrainz.org/recording/f5e93176-0829-4823-a5be-3333e226824b,Arctic Monkeys,2005,110698,long
songs_friday_im_in_love,songs,Friday I’m in Love,ListenBrainz all-time recordings / MusicBrainz,387,29bdeca4-fc09-4fc5-a393-6500472f2b84,https://musicbrainz.org/recording/29bdeca4-fc09-4fc5-a393-6500472f2b84,The Cure,1992,109770,long
songs_aint_no_rest_for_the_wicked,songs,Ain’t No Rest for the Wicked,ListenBrainz all-time recordings / MusicBrainz,395,779c2597-7678-4e4d-8689-c136eec65801,https://musicbrainz.org/recording/779c2597-7678-4e4d-8689-c136eec65801,Cage the Elephant,2008,108980,long
songs_little_dark_age,songs,Little Dark Age,ListenBrainz all-time recordings / MusicBrainz,407,2ed9e30b-e3e7-46db-976e-550cb17965fe,https://musicbrainz.org/recording/2ed9e30b-e3e7-46db-976e-550cb17965fe,MGMT,2017,106951,medium
songs_moonchild,songs,moonchild,ListenBrainz all-time recordings / MusicBrainz,422,e1d686bb-9e8a-41b2-8242-e85022c40b8b,https://musicbrainz.org/recording/e1d686bb-9e8a-41b2-8242-e85022c40b8b,RM,2018,105169,short
songs_rolling_in_the_deep,songs,Rolling in the Deep,ListenBrainz all-time recordings / MusicBrainz,424,1a13c710-4b7e-4701-8968-cd61f2e58110,https://musicbrainz.org/recording/1a13c710-4b7e-4701-8968-cd61f2e58110,Adele,2010,105059,long
songs_one,songs,One,ListenBrainz all-time recordings / MusicBrainz,429,56d2735d-abc7-4070-9c3f-bc27593d922d,https://musicbrainz.org/recording/56d2735d-abc7-4070-9c3f-bc27593d922d,Metallica,1988,104733,short
songs_island_in_the_sun,songs,Island in the Sun,ListenBrainz all-time recordings / MusicBrainz,444,58044028-9a7e-4da6-9ca8-e5322a25d9a2,https://musicbrainz.org/recording/58044028-9a7e-4da6-9ca8-e5322a25d9a2,Weezer,2001,102786,long
songs_should_i_stay_or_should_i_go,songs,Should I Stay or Should I Go,ListenBrainz all-time recordings / MusicBrainz,445,266272ca-3a00-4364-b974-1aef7f1cc76d,https://musicbrainz.org/recording/266272ca-3a00-4364-b974-1aef7f1cc76d,The Clash,1982,102776,long
songs_du_hast,songs,Du hast,ListenBrainz all-time recordings / MusicBrainz,447,4ed9a62a-2bf5-4744-ba1b-9a23f27e06c7,https://musicbrainz.org/recording/4ed9a62a-2bf5-4744-ba1b-9a23f27e06c7,Rammstein,1997,102480,medium
songs_someday,songs,Someday,ListenBrainz all-time recordings / MusicBrainz,453,e8d5c3f6-494f-439a-8f6c-889df2b7a4b8,https://musicbrainz.org/recording/e8d5c3f6-494f-439a-8f6c-889df2b7a4b8,The Strokes,2001,101986,short
songs_something_about_us,songs,Something About Us,ListenBrainz all-time recordings / MusicBrainz,454,defbfcb2-7a5c-4456-be28-b7e5ccf92cc2,https://musicbrainz.org/recording/defbfcb2-7a5c-4456-be28-b7e5ccf92cc2,Daft Punk,2001,101906,medium
songs_running_up_that_hill_a_deal_with_god,songs,Running Up That Hill (A Deal With God),ListenBrainz all-time recordings / MusicBrainz,461,6029d549-5858-4936-9156-b90770d2ae92,https://musicbrainz.org/recording/6029d549-5858-4936-9156-b90770d2ae92,Kate Bush,1985,101097,long
songs_fix_you,songs,Fix You,ListenBrainz all-time recordings / MusicBrainz,465,20919a48-4ad5-409c-b639-8db7ca9f9e7a,https://musicbrainz.org/recording/20919a48-4ad5-409c-b639-8db7ca9f9e7a,Coldplay,2005,100822,medium
songs_the_diary_of_jane,songs,The Diary of Jane,ListenBrainz all-time recordings / MusicBrainz,477,30a6feb0-e400-44a6-894d-02eb22d7a45a,https://musicbrainz.org/recording/30a6feb0-e400-44a6-894d-02eb22d7a45a,Breaking Benjamin,2006,99675,long
songs_the_real_slim_shady,songs,The Real Slim Shady,ListenBrainz all-time recordings / MusicBrainz,482,684ca01c-9775-42fe-9cdb-28fa37c27851,https://musicbrainz.org/recording/684ca01c-9775-42fe-9cdb-28fa37c27851,Eminem,1999,99480,long
songs_bad_romance,songs,Bad Romance,ListenBrainz all-time recordings / MusicBrainz,483,d76057c6-c29c-41f7-b83e-751b4269851d,https://musicbrainz.org/recording/d76057c6-c29c-41f7-b83e-751b4269851d,Lady Gaga,2009,99474,medium
songs_walking_on_a_dream,songs,Walking on a Dream,ListenBrainz all-time recordings / MusicBrainz,487,170dfa5d-0235-446d-9f3d-d235c01abc91,https://musicbrainz.org/recording/170dfa5d-0235-446d-9f3d-d235c01abc91,Empire of the Sun,2008,98993,long
songs_blank_space,songs,Blank Space,ListenBrainz all-time recordings / MusicBrainz,492,c3fe7791-0a91-4f0a-a89b-b056f38d3cde,https://musicbrainz.org/recording/c3fe7791-0a91-4f0a-a89b-b056f38d3cde,Taylor Swift,2014,98317,medium
songs_shape_of_you,songs,Shape of You,ListenBrainz all-time recordings / MusicBrainz,493,d7500dd6-b815-4299-88c6-3fbda358f1fc,https://musicbrainz.org/recording/d7500dd6-b815-4299-88c6-3fbda358f1fc,Ed Sheeran,2017,98198,medium
songs_kryptonite,songs,Kryptonite,ListenBrainz all-time recordings / MusicBrainz,495,9c2cf3ee-ea81-4192-b626-12791c70fff5,https://musicbrainz.org/recording/9c2cf3ee-ea81-4192-b626-12791c70fff5,3 Doors Down,1997,98119,short
songs_somewhere_only_we_know,songs,Somewhere Only We Know,ListenBrainz all-time recordings / MusicBrainz,504,0868857f-740f-47c1-a2c7-b6323c185c63,https://musicbrainz.org/recording/0868857f-740f-47c1-a2c7-b6323c185c63,Keane,2004,97365,long
movies_the_shawshank_redemption,movies,The Shawshank Redemption,IMDb non-commercial datasets,1,tt0111161,https://www.imdb.com/title/tt0111161/,,1994,3225810,medium
movies_inception,movies,Inception,IMDb non-commercial datasets,3,tt1375666,https://www.imdb.com/title/tt1375666/,,2010,2856917,short
movies_the_lord_of_the_rings_the_fellowship_of_the_ring,movies,The Lord of the Rings: The Fellowship of the Ring,IMDb non-commercial datasets,9,tt0120737,https://www.imdb.com/title/tt0120737/,,2001,2229216,long
movies_the_lord_of_the_rings_the_return_of_the_king,movies,The Lord of the Rings: The Return of the King,IMDb non-commercial datasets,10,tt0167260,https://www.imdb.com/title/tt0167260/,,2003,2185914,long
movies_django_unchained,movies,Django Unchained,IMDb non-commercial datasets,13,tt1853728,https://www.imdb.com/title/tt1853728/,,2012,1906441,medium
movies_the_green_mile,movies,The Green Mile,IMDb non-commercial datasets,22,tt0120689,https://www.imdb.com/title/tt0120689/,,1999,1579044,medium
movies_pirates_of_the_caribbean_the_curse_of_the_black_pearl,movies,Pirates of the Caribbean: The Curse of the Black Pearl,IMDb non-commercial datasets,32,tt0325980,https://www.imdb.com/title/tt0325980/,,2003,1341203,long
movies_deadpool,movies,Deadpool,IMDb non-commercial datasets,39,tt1431045,https://www.imdb.com/title/tt1431045/,,2016,1267208,short
movies_star_wars_episode_vi_return_of_the_jedi,movies,Star Wars: Episode VI - Return of the Jedi,IMDb non-commercial datasets,46,tt0086190,https://www.imdb.com/title/tt0086190/,,1983,1220554,long
movies_jurassic_park,movies,Jurassic Park,IMDb non-commercial datasets,49,tt0107290,https://www.imdb.com/title/tt0107290/,,1993,1194154,medium
movies_eternal_sunshine_of_the_spotless_mind,movies,Eternal Sunshine of the Spotless Mind,IMDb non-commercial datasets,51,tt0338013,https://www.imdb.com/title/tt0338013/,,2004,1192594,long
movies_harry_potter_and_the_sorcerer_s_stone,movies,Harry Potter and the Sorcerer's Stone,IMDb non-commercial datasets,75,tt0241527,https://www.imdb.com/title/tt0241527/,,2001,961999,long
movies_i_am_legend,movies,I Am Legend,IMDb non-commercial datasets,92,tt0480249,https://www.imdb.com/title/tt0480249/,,2007,885867,medium
movies_arrival,movies,Arrival,IMDb non-commercial datasets,95,tt2543164,https://www.imdb.com/title/tt2543164/,,2016,875721,short
movies_amelie,movies,Amélie,IMDb non-commercial datasets,100,tt0211915,https://www.imdb.com/title/tt0211915/,,2001,845226,short
movies_john_wick,movies,John Wick,IMDb non-commercial datasets,102,tt2911666,https://www.imdb.com/title/tt2911666/,,2014,837636,medium
movies_ant_man,movies,Ant-Man,IMDb non-commercial datasets,115,tt0478970,https://www.imdb.com/title/tt0478970/,,2015,790826,short
movies_the_hunger_games_catching_fire,movies,The Hunger Games: Catching Fire,IMDb non-commercial datasets,120,tt1951264,https://www.imdb.com/title/tt1951264/,,2013,780739,long
movies_trainspotting,movies,Trainspotting,IMDb non-commercial datasets,127,tt0117951,https://www.imdb.com/title/tt0117951/,,1996,772775,short
movies_rogue_one_a_star_wars_story,movies,Rogue One: A Star Wars Story,IMDb non-commercial datasets,130,tt3748528,https://www.imdb.com/title/tt3748528/,,2016,763658,long
movies_harry_potter_and_the_goblet_of_fire,movies,Harry Potter and the Goblet of Fire,IMDb non-commercial datasets,131,tt0330373,https://www.imdb.com/title/tt0330373/,,2005,761681,long
movies_deadpool_2,movies,Deadpool 2,IMDb non-commercial datasets,134,tt5463162,https://www.imdb.com/title/tt5463162/,,2018,754258,medium
movies_pirates_of_the_caribbean_at_world_s_end,movies,Pirates of the Caribbean: At World's End,IMDb non-commercial datasets,138,tt0449088,https://www.imdb.com/title/tt0449088/,,2007,750949,long
movies_the_king_s_speech,movies,The King's Speech,IMDb non-commercial datasets,141,tt1504320,https://www.imdb.com/title/tt1504320/,,2010,735854,medium
movies_star_wars_episode_viii_the_last_jedi,movies,Star Wars: Episode VIII - The Last Jedi,IMDb non-commercial datasets,144,tt2527336,https://www.imdb.com/title/tt2527336/,,2017,725285,long
movies_transformers,movies,Transformers,IMDb non-commercial datasets,145,tt0418279,https://www.imdb.com/title/tt0418279/,,2007,724463,short
movies_superbad,movies,Superbad,IMDb non-commercial datasets,151,tt0829482,https://www.imdb.com/title/tt0829482/,,2007,701492,short
movies_x_men,movies,X-Men,IMDb non-commercial datasets,153,tt0120903,https://www.imdb.com/title/tt0120903/,,2000,699292,short
movies_the_bourne_ultimatum,movies,The Bourne Ultimatum,IMDb non-commercial datasets,158,tt0440963,https://www.imdb.com/title/tt0440963/,,2007,687562,medium
movies_zodiac,movies,Zodiac,IMDb non-commercial datasets,159,tt0443706,https://www.imdb.com/title/tt0443706/,,2007,684540,short
movies_12_monkeys,movies,12 Monkeys,IMDb non-commercial datasets,160,tt0114746,https://www.imdb.com/title/tt0114746/,,1995,683102,medium
movies_nightcrawler,movies,Nightcrawler,IMDb non-commercial datasets,162,tt2872718,https://www.imdb.com/title/tt2872718/,,2014,678274,short
movies_harry_potter_and_the_deathly_hallows_part_1,movies,Harry Potter and the Deathly Hallows: Part 1,IMDb non-commercial datasets,165,tt0926084,https://www.imdb.com/title/tt0926084/,,2010,672295,long
movies_men_in_black,movies,Men in Black,IMDb non-commercial datasets,166,tt0119654,https://www.imdb.com/title/tt0119654/,,1997,669755,medium
movies_zootopia,movies,Zootopia,IMDb non-commercial datasets,173,tt2948356,https://www.imdb.com/title/tt2948356/,,2016,647106,short
movies_star_trek,movies,Star Trek,IMDb non-commercial datasets,177,tt0796366,https://www.imdb.com/title/tt0796366/,,2009,640489,medium
movies_looper,movies,Looper,IMDb non-commercial datasets,179,tt1276104,https://www.imdb.com/title/tt1276104/,,2012,631571,short
movies_blood_diamond,movies,Blood Diamond,IMDb non-commercial datasets,181,tt0450259,https://www.imdb.com/title/tt0450259/,,2006,629791,medium
movies_500_days_of_summer,movies,500 Days of Summer,IMDb non-commercial datasets,186,tt1022603,https://www.imdb.com/title/tt1022603/,,2009,625471,long
movies_watchmen,movies,Watchmen,IMDb non-commercial datasets,192,tt0409459,https://www.imdb.com/title/tt0409459/,,2009,615009,short
movies_three_billboards_outside_ebbing_missouri,movies,"Three Billboards Outside Ebbing, Missouri",IMDb non-commercial datasets,193,tt5027774,https://www.imdb.com/title/tt5027774/,,2017,613929,long
movies_the_perks_of_being_a_wallflower,movies,The Perks of Being a Wallflower,IMDb non-commercial datasets,198,tt1659337,https://www.imdb.com/title/tt1659337/,,2012,603645,long
movies_kung_fu_panda,movies,Kung Fu Panda,IMDb non-commercial datasets,200,tt0441773,https://www.imdb.com/title/tt0441773/,,2008,588089,medium
movies_love_actually,movies,Love Actually,IMDb non-commercial datasets,203,tt0314331,https://www.imdb.com/title/tt0314331/,,2003,583263,medium
movies_john_wick_chapter_2,movies,John Wick: Chapter 2,IMDb non-commercial datasets,206,tt4425200,https://www.imdb.com/title/tt4425200/,,2017,576846,long
movies_charlie_and_the_chocolate_factory,movies,Charlie and the Chocolate Factory,IMDb non-commercial datasets,207,tt0367594,https://www.imdb.com/title/tt0367594/,,2005,576586,long
movies_edward_scissorhands,movies,Edward Scissorhands,IMDb non-commercial datasets,216,tt0099487,https://www.imdb.com/title/tt0099487/,,1990,568996,medium
movies_the_terminal,movies,The Terminal,IMDb non-commercial datasets,233,tt0362227,https://www.imdb.com/title/tt0362227/,,2004,540396,medium
movies_divergent,movies,Divergent,IMDb non-commercial datasets,242,tt1840309,https://www.imdb.com/title/tt1840309/,,2014,521694,short
movies_indiana_jones_and_the_kingdom_of_the_crystal_skull,movies,Indiana Jones and the Kingdom of the Crystal Skull,IMDb non-commercial datasets,245,tt0367882,https://www.imdb.com/title/tt0367882/,,2008,516953,long
movies_saw,movies,Saw,IMDb non-commercial datasets,248,tt0387564,https://www.imdb.com/title/tt0387564/,,2004,515438,short
movies_moneyball,movies,Moneyball,IMDb non-commercial datasets,249,tt1210166,https://www.imdb.com/title/tt1210166/,,2011,515168,short
movies_predator,movies,Predator,IMDb non-commercial datasets,256,tt0093773,https://www.imdb.com/title/tt0093773/,,1987,505179,short
movies_sherlock_holmes_a_game_of_shadows,movies,Sherlock Holmes: A Game of Shadows,IMDb non-commercial datasets,257,tt1515091,https://www.imdb.com/title/tt1515091/,,2011,504664,long
movies_amadeus,movies,Amadeus,IMDb non-commercial datasets,284,tt0086879,https://www.imdb.com/title/tt0086879/,,1984,472026,short
movies_the_equalizer,movies,The Equalizer,IMDb non-commercial datasets,285,tt0455944,https://www.imdb.com/title/tt0455944/,,2014,470950,medium
movies_despicable_me_2,movies,Despicable Me 2,IMDb non-commercial datasets,287,tt1690953,https://www.imdb.com/title/tt1690953/,,2013,464323,medium
movies_mission_impossible_rogue_nation,movies,Mission: Impossible - Rogue Nation,IMDb non-commercial datasets,297,tt2381249,https://www.imdb.com/title/tt2381249/,,2015,448987,long
movies_cloverfield,movies,Cloverfield,IMDb non-commercial datasets,298,tt1060277,https://www.imdb.com/title/tt1060277/,,2008,446865,short
movies_easy_a,movies,Easy A,IMDb non-commercial datasets,299,tt1282140,https://www.imdb.com/title/tt1282140/,,2010,446740,medium
bands_red_hot_chili_peppers,bands,Red Hot Chili Peppers,ListenBrainz all-time artists / MusicBrainz,16,8bfac288-ccc5-448d-9573-c33ea2aa5c30,https://musicbrainz.org/artist/8bfac288-ccc5-448d-9573-c33ea2aa5c30,,1983,1919556,long
bands_muse,bands,Muse,ListenBrainz all-time artists / MusicBrainz,17,9c9f1380-2516-4fc9-a3e6-f9f61941d090,https://musicbrainz.org/artist/9c9f1380-2516-4fc9-a3e6-f9f61941d090,,1994,1865719,short
bands_imagine_dragons,bands,Imagine Dragons,ListenBrainz all-time artists / MusicBrainz,34,012151a8-0f9a-44c9-997f-ebd68b5389f9,https://musicbrainz.org/artist/012151a8-0f9a-44c9-997f-ebd68b5389f9,,2008,1365693,medium
bands_rammstein,bands,Rammstein,ListenBrainz all-time artists / MusicBrainz,47,b2d122f9-eadb-4930-a196-8f221eeb0c66,https://musicbrainz.org/artist/b2d122f9-eadb-4930-a196-8f221eeb0c66,,1994,1216312,short
bands_queens_of_the_stone_age,bands,Queens of the Stone Age,ListenBrainz all-time artists / MusicBrainz,50,7dc8f5bd-9d0b-4087-9f73-dc164950bbd8,https://musicbrainz.org/artist/7dc8f5bd-9d0b-4087-9f73-dc164950bbd8,,1996,1196127,long
bands_tool,bands,Tool,ListenBrainz all-time artists / MusicBrainz,52,66fc5bf8-daa4-4241-b378-9bc9077939d2,https://musicbrainz.org/artist/66fc5bf8-daa4-4241-b378-9bc9077939d2,,1990,1183094,short
bands_ac_dc,bands,AC/DC,ListenBrainz all-time artists / MusicBrainz,55,66c662b6-6e2f-4930-8610-912e24c63ed1,https://musicbrainz.org/artist/66c662b6-6e2f-4930-8610-912e24c63ed1,,1973,1169480,short
bands_mgmt,bands,MGMT,ListenBrainz all-time artists / MusicBrainz,73,c485632c-b784-4ee9-8ea1-c5fb365681fc,https://musicbrainz.org/artist/c485632c-b784-4ee9-8ea1-c5fb365681fc,,2002,1038083,short
bands_pearl_jam,bands,Pearl Jam,ListenBrainz all-time artists / MusicBrainz,78,83b9cbe7-9857-49e2-ab8e-b57b01038103,https://musicbrainz.org/artist/83b9cbe7-9857-49e2-ab8e-b57b01038103,,1990,1019758,medium
bands_bring_me_the_horizon,bands,Bring Me the Horizon,ListenBrainz all-time artists / MusicBrainz,82,074e3847-f67f-49f9-81f1-8c8cea147e8e,https://musicbrainz.org/artist/074e3847-f67f-49f9-81f1-8c8cea147e8e,,2004,1014324,long
bands_the_black_keys,bands,The Black Keys,ListenBrainz all-time artists / MusicBrainz,84,d15721d8-56b4-453d-b506-fc915b14cba2,https://musicbrainz.org/artist/d15721d8-56b4-453d-b506-fc915b14cba2,,2001,986094,medium
bands_florence_the_machine,bands,Florence + the Machine,ListenBrainz all-time artists / MusicBrainz,87,5fee3020-513b-48c2-b1f7-4681b01db0c6,https://musicbrainz.org/artist/5fee3020-513b-48c2-b1f7-4681b01db0c6,,2007,975213,long
bands_korn,bands,Korn,ListenBrainz all-time artists / MusicBrainz,92,ac865b2e-bba8-4f5a-8756-dd40d5e39f46,https://musicbrainz.org/artist/ac865b2e-bba8-4f5a-8756-dd40d5e39f46,,1993,959892,short
bands_franz_ferdinand,bands,Franz Ferdinand,ListenBrainz all-time artists / MusicBrainz,138,aa7a2827-f74b-473c-bd79-03d065835cf7,https://musicbrainz.org/artist/aa7a2827-f74b-473c-bd79-03d065835cf7,,2001,782765,medium
bands_creedence_clearwater_revival,bands,Creedence Clearwater Revival,ListenBrainz all-time artists / MusicBrainz,139,109958eb-a335-4c5e-907e-597ff4c6af46,https://musicbrainz.org/artist/109958eb-a335-4c5e-907e-597ff4c6af46,,1959,777149,medium
bands_king_gizzard_the_lizard_wizard,bands,King Gizzard & the Lizard Wizard,ListenBrainz all-time artists / MusicBrainz,147,f58384a4-2ad2-4f24-89c5-c7b74ae1cce7,https://musicbrainz.org/artist/f58384a4-2ad2-4f24-89c5-c7b74ae1cce7,,2010,752108,long
bands_bob_marley_the_wailers,bands,Bob Marley & The Wailers,ListenBrainz all-time artists / MusicBrainz,165,c296e10c-110a-4103-9e77-47bfebb7fb2e,https://musicbrainz.org/artist/c296e10c-110a-4103-9e77-47bfebb7fb2e,,1970,724135,long
bands_the_who,bands,The Who,ListenBrainz all-time artists / MusicBrainz,167,9fdaa16b-a6c4-4831-b87c-bc9ca8ce7eaa,https://musicbrainz.org/artist/9fdaa16b-a6c4-4831-b87c-bc9ca8ce7eaa,,1964,722012,medium
bands_interpol,bands,Interpol,ListenBrainz all-time artists / MusicBrainz,172,b23e8a63-8f47-4882-b55b-df2c92ef400e,https://musicbrainz.org/artist/b23e8a63-8f47-4882-b55b-df2c92ef400e,,1997,716711,short
bands_cage_the_elephant,bands,Cage the Elephant,ListenBrainz all-time artists / MusicBrainz,207,b41b38d4-ef3e-4f37-8c75-cfe9af999696,https://musicbrainz.org/artist/b41b38d4-ef3e-4f37-8c75-cfe9af999696,,2006,653215,medium
bands_sum_41,bands,Sum 41,ListenBrainz all-time artists / MusicBrainz,212,f2eef649-a6d5-4114-afba-e50ab26254d2,https://musicbrainz.org/artist/f2eef649-a6d5-4114-afba-e50ab26254d2,,1996,647306,medium
bands_a_tribe_called_quest,bands,A Tribe Called Quest,ListenBrainz all-time artists / MusicBrainz,217,9689aa5a-4471-4fb4-9721-07cecda0fa9f,https://musicbrainz.org/artist/9689aa5a-4471-4fb4-9721-07cecda0fa9f,,1985,638723,long
bands_lcd_soundsystem,bands,LCD Soundsystem,ListenBrainz all-time artists / MusicBrainz,227,2aaf7396-6ab8-40f3-9776-a41c42c8e26b,https://musicbrainz.org/artist/2aaf7396-6ab8-40f3-9776-a41c42c8e26b,,2001,620640,medium
bands_slayer,bands,Slayer,ListenBrainz all-time artists / MusicBrainz,229,bdacc37b-8633-4bf8-9dd5-4662ee651aec,https://musicbrainz.org/artist/bdacc37b-8633-4bf8-9dd5-4662ee651aec,,1981,620157,short
bands_slowdive,bands,Slowdive,ListenBrainz all-time artists / MusicBrainz,243,a16371b9-7d36-497a-a9d4-42b0a0440c5e,https://musicbrainz.org/artist/a16371b9-7d36-497a-a9d4-42b0a0440c5e,,1989,597720,short
bands_nick_cave_the_bad_seeds,bands,Nick Cave & the Bad Seeds,ListenBrainz all-time artists / MusicBrainz,247,172e1f1a-504d-4488-b053-6344ba63e6d0,https://musicbrainz.org/artist/172e1f1a-504d-4488-b053-6344ba63e6d0,,1983,590061,long
bands_two_door_cinema_club,bands,Two Door Cinema Club,ListenBrainz all-time artists / MusicBrainz,251,6f1de078-6684-4792-820d-2ffad64c15ed,https://musicbrainz.org/artist/6f1de078-6684-4792-820d-2ffad64c15ed,,2007,579914,long
bands_yeah_yeah_yeahs,bands,Yeah Yeah Yeahs,ListenBrainz all-time artists / MusicBrainz,261,584c04d2-4acc-491b-8a0a-e63133f4bfc4,https://musicbrainz.org/artist/584c04d2-4acc-491b-8a0a-e63133f4bfc4,,2000,569454,medium
bands_gojira,bands,Gojira,ListenBrainz all-time artists / MusicBrainz,266,1c5efd53-d6b6-4d63-9d22-a15025cf5f07,https://musicbrainz.org/artist/1c5efd53-d6b6-4d63-9d22-a15025cf5f07,,1996,566046,short
bands_jamiroquai,bands,Jamiroquai,ListenBrainz all-time artists / MusicBrainz,269,f4857fb9-e255-4dc6-bd01-e4ca7cc68544,https://musicbrainz.org/artist/f4857fb9-e255-4dc6-bd01-e4ca7cc68544,,1992,560622,short
bands_the_shins,bands,The Shins,ListenBrainz all-time artists / MusicBrainz,295,6c8b9855-ba8b-48f9-ac1d-42167f7f7b18,https://musicbrainz.org/artist/6c8b9855-ba8b-48f9-ac1d-42167f7f7b18,,1997,533497,medium
bands_nickelback,bands,Nickelback,ListenBrainz all-time artists / MusicBrainz,314,bc710bcf-8815-42cf-bad2-3f1d12246aeb,https://musicbrainz.org/artist/bc710bcf-8815-42cf-bad2-3f1d12246aeb,,1995,514027,short
bands_the_avalanches,bands,The Avalanches,ListenBrainz all-time artists / MusicBrainz,333,a6623d39-2d8e-4f70-8242-0a9553b91e50,https://musicbrainz.org/artist/a6623d39-2d8e-4f70-8242-0a9553b91e50,,1997,493922,medium
bands_faith_no_more,bands,Faith No More,ListenBrainz all-time artists / MusicBrainz,338,b15ebd71-a252-417d-9e1c-3e6863da68f8,https://musicbrainz.org/artist/b15ebd71-a252-417d-9e1c-3e6863da68f8,,1983,486368,medium
bands_thirty_seconds_to_mars,bands,Thirty Seconds to Mars,ListenBrainz all-time artists / MusicBrainz,355,d8354b38-e942-4c89-ba93-29323432abc3,https://musicbrainz.org/artist/d8354b38-e942-4c89-ba93-29323432abc3,,1998,473258,long
bands_yes,bands,Yes,ListenBrainz all-time artists / MusicBrainz,359,c1d4f2ba-cf39-460c-9528-6b827d3417a1,https://musicbrainz.org/artist/c1d4f2ba-cf39-460c-9528-6b827d3417a1,,1968,471564,short
bands_bullet_for_my_valentine,bands,Bullet for My Valentine,ListenBrainz all-time artists / MusicBrainz,379,d530dbf9-69b1-404f-98f2-0431104f5a1e,https://musicbrainz.org/artist/d530dbf9-69b1-404f-98f2-0431104f5a1e,,2003,451790,long
bands_kraftwerk,bands,Kraftwerk,ListenBrainz all-time artists / MusicBrainz,383,5700dcd4-c139-4f31-aa3e-6382b9af9032,https://musicbrainz.org/artist/5700dcd4-c139-4f31-aa3e-6382b9af9032,,1970,446532,short
bands_pavement,bands,Pavement,ListenBrainz all-time artists / MusicBrainz,387,36bfa85f-737b-41db-a8fc-b8825850ffc3,https://musicbrainz.org/artist/36bfa85f-737b-41db-a8fc-b8825850ffc3,,1989,443671,short
bands_five_finger_death_punch,bands,Five Finger Death Punch,ListenBrainz all-time artists / MusicBrainz,389,7e8571b1-7c5a-4739-bc51-73d422ee9d74,https://musicbrainz.org/artist/7e8571b1-7c5a-4739-bc51-73d422ee9d74,,2005,441833,long
bands_blondie,bands,Blondie,ListenBrainz all-time artists / MusicBrainz,391,4d2956d1-a3f7-44bb-9a41-67563e1a0c94,https://musicbrainz.org/artist/4d2956d1-a3f7-44bb-9a41-67563e1a0c94,,1974,440403,short
bands_of_monsters_and_men,bands,Of Monsters and Men,ListenBrainz all-time artists / MusicBrainz,392,9e103f85-7af7-41d7-b83b-49ba8f0c5abf,https://musicbrainz.org/artist/9e103f85-7af7-41d7-b83b-49ba8f0c5abf,,2010,440209,long
bands_billy_talent,bands,Billy Talent,ListenBrainz all-time artists / MusicBrainz,402,fd429857-5ace-4609-ae54-1502c3bdac11,https://musicbrainz.org/artist/fd429857-5ace-4609-ae54-1502c3bdac11,,1993,431366,medium
bands_kasabian,bands,Kasabian,ListenBrainz all-time artists / MusicBrainz,422,69b39eab-6577-46a4-a9f5-817839092033,https://musicbrainz.org/artist/69b39eab-6577-46a4-a9f5-817839092033,,1997,419463,short
bands_a_day_to_remember,bands,A Day to Remember,ListenBrainz all-time artists / MusicBrainz,428,db008806-16f6-48fc-8521-3d953709689d,https://musicbrainz.org/artist/db008806-16f6-48fc-8521-3d953709689d,,2003,416001,long
bands_explosions_in_the_sky,bands,Explosions in the Sky,ListenBrainz all-time artists / MusicBrainz,437,4236acde-2ce2-441c-a3d4-38d55f1b5474,https://musicbrainz.org/artist/4236acde-2ce2-441c-a3d4-38d55f1b5474,,1999,412716,long
bands_thievery_corporation,bands,Thievery Corporation,ListenBrainz all-time artists / MusicBrainz,448,a505bb48-ad65-4af4-ae47-29149715bff9,https://musicbrainz.org/artist/a505bb48-ad65-4af4-ae47-29149715bff9,,1995,405178,medium
bands_sublime,bands,Sublime,ListenBrainz all-time artists / MusicBrainz,449,95f5b748-d370-47fe-85bd-0af2dc450bc0,https://musicbrainz.org/artist/95f5b748-d370-47fe-85bd-0af2dc450bc0,,1986,404519,short
bands_no_doubt,bands,No Doubt,ListenBrainz all-time artists / MusicBrainz,472,fbd2a255-1d57-4d31-ac11-65b671c19958,https://musicbrainz.org/artist/fbd2a255-1d57-4d31-ac11-65b671c19958,,1986,392576,medium
bands_architects,bands,Architects,ListenBrainz all-time artists / MusicBrainz,501,05dffdbe-dc6e-4c8d-a075-50a09c4cb45c,https://musicbrainz.org/artist/05dffdbe-dc6e-4c8d-a075-50a09c4cb45c,,2004,382363,short
bands_they_might_be_giants,bands,They Might Be Giants,ListenBrainz all-time artists / MusicBrainz,515,183d6ef6-e161-47ff-9085-063c8b897e97,https://musicbrainz.org/artist/183d6ef6-e161-47ff-9085-063c8b897e97,,1982,373652,long
bands_beirut,bands,Beirut,ListenBrainz all-time artists / MusicBrainz,516,0af78501-5647-4c18-9a0d-66ac8789e13b,https://musicbrainz.org/artist/0af78501-5647-4c18-9a0d-66ac8789e13b,,2006,373146,short
bands_brand_new,bands,Brand New,ListenBrainz all-time artists / MusicBrainz,518,9311e2bc-bb3f-44cf-90d8-b1fe6912b60b,https://musicbrainz.org/artist/9311e2bc-bb3f-44cf-90d8-b1fe6912b60b,,2000,372031,medium
bands_tv_on_the_radio,bands,TV on the Radio,ListenBrainz all-time artists / MusicBrainz,521,eb872766-98f6-453d-883f-2ae908a18315,https://musicbrainz.org/artist/eb872766-98f6-453d-883f-2ae908a18315,,2001,369262,long
bands_royal_blood,bands,Royal Blood,ListenBrainz all-time artists / MusicBrainz,525,aa62b28e-b6d4-4086-91d4-e5fac1ed56f3,https://musicbrainz.org/artist/aa62b28e-b6d4-4086-91d4-e5fac1ed56f3,,2013,367769,medium
bands_empire_of_the_sun,bands,Empire of the Sun,ListenBrainz all-time artists / MusicBrainz,535,ac7e838c-3d95-47c2-92a9-81767ad7c217,https://musicbrainz.org/artist/ac7e838c-3d95-47c2-92a9-81767ad7c217,,2006,362898,long
bands_godspeed_you_black_emperor,bands,Godspeed You! Black Emperor,ListenBrainz all-time artists / MusicBrainz,553,3648db01-b29d-4ab9-835c-83f6a5068fe4,https://musicbrainz.org/artist/3648db01-b29d-4ab9-835c-83f6a5068fe4,,1994,356263,long
bands_killswitch_engage,bands,Killswitch Engage,ListenBrainz all-time artists / MusicBrainz,559,8295ee00-0096-461d-95c7-c2263d2a4c6d,https://musicbrainz.org/artist/8295ee00-0096-461d-95c7-c2263d2a4c6d,,1999,354234,medium
bands_arch_enemy,bands,Arch Enemy,ListenBrainz all-time artists / MusicBrainz,565,e631bb92-3e2b-43e3-a2cb-b605e2fb53bd,https://musicbrainz.org/artist/e631bb92-3e2b-43e3-a2cb-b605e2fb53bd,,1996,352665,medium
bands_siouxsie_and_the_banshees,bands,Siouxsie and the Banshees,ListenBrainz all-time artists / MusicBrainz,577,78ea5ea1-3c4d-4b7e-ac5d-68900319ebe2,https://musicbrainz.org/artist/78ea5ea1-3c4d-4b7e-ac5d-68900319ebe2,,1976,347400,long
