id,domain,title,source,source_rank,source_id,source_item_url,artist,selection_group,metadata_year,popularity,length_group
songs_feel_good_inc,songs,Feel Good Inc.,ListenBrainz all-time recordings / MusicBrainz,60,6544ac1d-0108-40ee-aa7a-b644ef7a3b46,https://musicbrainz.org/recording/6544ac1d-0108-40ee-aa7a-b644ef7a3b46,Gorillaz,e21857d5-3256-4547-afb3-4b6ded592596,2005,203636,medium
songs_killing_in_the_name,songs,Killing in the Name,ListenBrainz all-time recordings / MusicBrainz,97,5f64bf87-a18e-4ac0-8a49-dc1d500a8ba5,https://musicbrainz.org/recording/5f64bf87-a18e-4ac0-8a49-dc1d500a8ba5,Rage Against the Machine,3798b104-01cb-484c-a3b0-56adc6399b80,1992,175617,long
songs_song_2,songs,Song 2,ListenBrainz all-time recordings / MusicBrainz,107,b39b7227-c271-4ab8-912b-cb1fe2fc0e5e,https://musicbrainz.org/recording/b39b7227-c271-4ab8-912b-cb1fe2fc0e5e,Blur,ba853904-ae25-4ebb-89d6-c44cfbd71bd2,1997,166542,medium
songs_bring_me_to_life,songs,Bring Me to Life,ListenBrainz all-time recordings / MusicBrainz,120,c24eb26a-04d6-4f09-9449-9bc334f78ede,https://musicbrainz.org/recording/c24eb26a-04d6-4f09-9449-9bc334f78ede,Evanescence,f4a31f0a-51dd-4fa7-986d-3095c40c5ed9,2003,162147,long
songs_welcome_to_the_black_parade,songs,Welcome to the Black Parade,ListenBrainz all-time recordings / MusicBrainz,183,28982738-839e-4c97-89ec-6ad0446c8e56,https://musicbrainz.org/recording/28982738-839e-4c97-89ec-6ad0446c8e56,My Chemical Romance,c07f0676-9143-4217-8a9f-4c26bd636f13,2006,144802,long
songs_there_is_a_light_that_never_goes_out,songs,There Is a Light That Never Goes Out,ListenBrainz all-time recordings / MusicBrainz,230,f87a0c54-60ef-4db1-9628-96677504692d,https://musicbrainz.org/recording/f87a0c54-60ef-4db1-9628-96677504692d,The Smiths,40f5d9e4-2de7-4f2d-ad41-e31a9a9fea27,1986,135040,long
songs_what_ive_done,songs,What I’ve Done,ListenBrainz all-time recordings / MusicBrainz,242,50347f42-2a40-4df6-b358-07f994af7a3f,https://musicbrainz.org/recording/50347f42-2a40-4df6-b358-07f994af7a3f,Linkin Park,f59c5520-5f46-4d2c-b2c4-822eabf53419,2007,132711,medium
songs_youre_gonna_go_far_kid,songs,"You’re Gonna Go Far, Kid",ListenBrainz all-time recordings / MusicBrainz,247,d37776ac-993f-4ca5-9592-7c0bb708798a,https://musicbrainz.org/recording/d37776ac-993f-4ca5-9592-7c0bb708798a,The Offspring,23a03e33-a603-404e-bcbf-2c00159d7067,2008,131092,long
songs_all_i_need,songs,All I Need,ListenBrainz all-time recordings / MusicBrainz,262,72c6b4d3-71a8-4c70-bf50-da11c0149089,https://musicbrainz.org/recording/72c6b4d3-71a8-4c70-bf50-da11c0149089,Radiohead,a74b1b7f-71a5-4011-9441-d0b5e4122711,2007,128234,medium
songs_reptilia,songs,Reptilia,ListenBrainz all-time recordings / MusicBrainz,264,8f9dec01-c479-4ad4-96b5-0950a97c1a91,https://musicbrainz.org/recording/8f9dec01-c479-4ad4-96b5-0950a97c1a91,The Strokes,f181961b-20f7-459e-89de-920ef03c7ed0,2003,128091,short
songs_riptide,songs,Riptide,ListenBrainz all-time recordings / MusicBrainz,286,8c3f4879-5477-47f1-92f3-fe0a54b22786,https://musicbrainz.org/recording/8c3f4879-5477-47f1-92f3-fe0a54b22786,Vance Joy,df36f6db-5987-46ed-9d02-0cf36ed4e060,2014,123430,short
songs_bitter_sweet_symphony,songs,Bitter Sweet Symphony,ListenBrainz all-time recordings / MusicBrainz,293,8b6d9029-1990-4660-bd57-24b5bc0fb626,https://musicbrainz.org/recording/8b6d9029-1990-4660-bd57-24b5bc0fb626,The Verve,d4d17620-fd97-4574-92a8-a2cb7e72ce42,1997,122074,medium
songs_hysteria,songs,Hysteria,ListenBrainz all-time recordings / MusicBrainz,299,c102891a-d4dd-442b-83b5-fa57cc6c1026,https://musicbrainz.org/recording/c102891a-d4dd-442b-83b5-fa57cc6c1026,Muse,9c9f1380-2516-4fc9-a3e6-f9f61941d090,2003,121388,short
songs_n_o,songs,N.O,ListenBrainz all-time recordings / MusicBrainz,300,4ca68043-cffc-455a-90ca-3ab2f6ae78e7,https://musicbrainz.org/recording/4ca68043-cffc-455a-90ca-3ab2f6ae78e7,BTS,0d79fe8e-ba27-4859-bb8c-2f255f346853,2013,121372,short
songs_fortunate_son,songs,Fortunate Son,ListenBrainz all-time recordings / MusicBrainz,310,e5178630-952b-486e-bb67-559c62f1b3db,https://musicbrainz.org/recording/e5178630-952b-486e-bb67-559c62f1b3db,Creedence Clearwater Revival,109958eb-a335-4c5e-907e-597ff4c6af46,1986,119574,medium
songs_b_y_o_b,songs,B.Y.O.B.,ListenBrainz all-time recordings / MusicBrainz,325,81731a05-609e-472c-a2b6-186dcdded5a6,https://musicbrainz.org/recording/81731a05-609e-472c-a2b6-186dcdded5a6,System of a Down,cc0b7089-c08d-4c10-b6b0-873582c17fd6,2005,117493,short
songs_little_dark_age,songs,Little Dark Age,ListenBrainz all-time recordings / MusicBrainz,407,2ed9e30b-e3e7-46db-976e-550cb17965fe,https://musicbrainz.org/recording/2ed9e30b-e3e7-46db-976e-550cb17965fe,MGMT,c485632c-b784-4ee9-8ea1-c5fb365681fc,2018,106951,medium
songs_stronger,songs,Stronger,ListenBrainz all-time recordings / MusicBrainz,408,8009d470-912b-42fa-8261-b88c488eb935,https://musicbrainz.org/recording/8009d470-912b-42fa-8261-b88c488eb935,Kanye West,164f0d73-1234-4e2c-8743-d77bf2191051,2007,106906,short
songs_every_breath_you_take,songs,Every Breath You Take,ListenBrainz all-time recordings / MusicBrainz,427,3e19df7a-3f9a-4d42-adbf-31867646f602,https://musicbrainz.org/recording/3e19df7a-3f9a-4d42-adbf-31867646f602,The Police,9e0e2b01-41db-4008-bd8b-988977d6019a,1983,104897,long
songs_in_bloom,songs,In Bloom,ListenBrainz all-time recordings / MusicBrainz,442,593e9317-a327-4a31-b796-416c62dcf49d,https://musicbrainz.org/recording/593e9317-a327-4a31-b796-416c62dcf49d,Nirvana,5b11f4ce-a62d-471e-81fc-a69a8278c7da,1991,102836,medium
songs_du_hast,songs,Du hast,ListenBrainz all-time recordings / MusicBrainz,447,4ed9a62a-2bf5-4744-ba1b-9a23f27e06c7,https://musicbrainz.org/recording/4ed9a62a-2bf5-4744-ba1b-9a23f27e06c7,Rammstein,b2d122f9-eadb-4930-a196-8f221eeb0c66,1997,102480,medium
songs_in_the_aeroplane_over_the_sea,songs,In the Aeroplane Over the Sea,ListenBrainz all-time recordings / MusicBrainz,469,92e8f3c9-ec04-42d6-8f2b-c3d7fc4f65c2,https://musicbrainz.org/recording/92e8f3c9-ec04-42d6-8f2b-c3d7fc4f65c2,Neutral Milk Hotel,a506f761-2c22-4b2f-8a94-bd748c2c8f75,1998,100521,long
songs_whats_my_age_again,songs,What’s My Age Again?,ListenBrainz all-time recordings / MusicBrainz,470,caa8595c-fb20-4f8d-b30f-779250e453ad,https://musicbrainz.org/recording/caa8595c-fb20-4f8d-b30f-779250e453ad,blink‐182,0743b15a-3c32-48c8-ad58-cb325350befa,1999,100311,long
songs_bad_romance,songs,Bad Romance,ListenBrainz all-time recordings / MusicBrainz,483,d76057c6-c29c-41f7-b83e-751b4269851d,https://musicbrainz.org/recording/d76057c6-c29c-41f7-b83e-751b4269851d,Lady Gaga,650e7db6-b795-4eb5-a702-5ea2fc46c848,2009,99474,medium
songs_blank_space,songs,Blank Space,ListenBrainz all-time recordings / MusicBrainz,492,c3fe7791-0a91-4f0a-a89b-b056f38d3cde,https://musicbrainz.org/recording/c3fe7791-0a91-4f0a-a89b-b056f38d3cde,Taylor Swift,20244d07-534f-4eff-b4d4-930878889970,2014,98317,medium
songs_shape_of_you,songs,Shape of You,ListenBrainz all-time recordings / MusicBrainz,493,d7500dd6-b815-4299-88c6-3fbda358f1fc,https://musicbrainz.org/recording/d7500dd6-b815-4299-88c6-3fbda358f1fc,Ed Sheeran,b8a7c51f-362c-4dcb-a259-bc6e0095f0a6,2017,98198,medium
songs_the_last,songs,The Last,ListenBrainz all-time recordings / MusicBrainz,497,fd13596a-2782-4e3c-8e00-67d7eda91166,https://musicbrainz.org/recording/fd13596a-2782-4e3c-8e00-67d7eda91166,Agust D,f09d2950-e3c6-47b2-b21c-2bad2cd3f616,2015,97830,medium
songs_somewhere_only_we_know,songs,Somewhere Only We Know,ListenBrainz all-time recordings / MusicBrainz,504,0868857f-740f-47c1-a2c7-b6323c185c63,https://musicbrainz.org/recording/0868857f-740f-47c1-a2c7-b6323c185c63,Keane,c7020c6d-cae9-4db3-92a7-e5c561cbad50,2004,97365,long
songs_the_sound_of_silence,songs,The Sound of Silence,ListenBrainz all-time recordings / MusicBrainz,506,ddfb4085-e87c-4b38-9ae6-e579f8a7e20e,https://musicbrainz.org/recording/ddfb4085-e87c-4b38-9ae6-e579f8a7e20e,Simon & Garfunkel,5d02f264-e225-41ff-83f7-d9b1f0b1874a,1985,97215,long
songs_money_for_nothing,songs,Money for Nothing,ListenBrainz all-time recordings / MusicBrainz,509,e6c7f0d6-2b44-435c-b321-2fb6bff9a555,https://musicbrainz.org/recording/e6c7f0d6-2b44-435c-b321-2fb6bff9a555,Dire Straits,614e3804-7d34-41ba-857f-811bad7c2b7a,1985,97047,medium
movies_the_dark_knight_rises,movies,The Dark Knight Rises,IMDb non-commercial datasets,13,tt1345836,https://www.imdb.com/title/tt1345836/,,,2012,2020692,long
movies_saving_private_ryan,movies,Saving Private Ryan,IMDb non-commercial datasets,23,tt0120815,https://www.imdb.com/title/tt0120815/,,,1998,1656859,medium
movies_the_truman_show,movies,The Truman Show,IMDb non-commercial datasets,39,tt0120382,https://www.imdb.com/title/tt0120382/,,,1998,1398689,medium
movies_leon_the_professional,movies,Léon: The Professional,IMDb non-commercial datasets,41,tt0110413,https://www.imdb.com/title/tt0110413/,,,1994,1361921,medium
movies_pirates_of_the_caribbean_the_curse_of_the_black_pearl,movies,Pirates of the Caribbean: The Curse of the Black Pearl,IMDb non-commercial datasets,42,tt0325980,https://www.imdb.com/title/tt0325980/,,,2003,1341419,long
movies_american_history_x,movies,American History X,IMDb non-commercial datasets,47,tt0120586,https://www.imdb.com/title/tt0120586/,,,1998,1283232,medium
movies_the_shining,movies,The Shining,IMDb non-commercial datasets,55,tt0081505,https://www.imdb.com/title/tt0081505/,,,1980,1239241,medium
movies_a_beautiful_mind,movies,A Beautiful Mind,IMDb non-commercial datasets,78,tt0268978,https://www.imdb.com/title/tt0268978/,,,2001,1061374,medium
movies_the_martian,movies,The Martian,IMDb non-commercial datasets,85,tt3659388,https://www.imdb.com/title/tt3659388/,,,2015,1026023,medium
movies_12_angry_men,movies,12 Angry Men,IMDb non-commercial datasets,89,tt0050083,https://www.imdb.com/title/tt0050083/,,,1957,998557,medium
movies_snatch,movies,Snatch,IMDb non-commercial datasets,94,tt0208092,https://www.imdb.com/title/tt0208092/,,,2000,983323,short
movies_captain_america_civil_war,movies,Captain America: Civil War,IMDb non-commercial datasets,107,tt3498820,https://www.imdb.com/title/tt3498820/,,,2016,943755,long
movies_the_hobbit_an_unexpected_journey,movies,The Hobbit: An Unexpected Journey,IMDb non-commercial datasets,112,tt0903624,https://www.imdb.com/title/tt0903624/,,,2012,935072,long
movies_slumdog_millionaire,movies,Slumdog Millionaire,IMDb non-commercial datasets,119,tt1010048,https://www.imdb.com/title/tt1010048/,,,2008,914063,medium
movies_arrival,movies,Arrival,IMDb non-commercial datasets,134,tt2543164,https://www.imdb.com/title/tt2543164/,,,2016,875886,short
movies_sin_city,movies,Sin City,IMDb non-commercial datasets,149,tt0401792,https://www.imdb.com/title/tt0401792/,,,2005,823224,medium
movies_life_is_beautiful,movies,Life Is Beautiful,IMDb non-commercial datasets,151,tt0118799,https://www.imdb.com/title/tt0118799/,,,1997,820305,medium
movies_fargo,movies,Fargo,IMDb non-commercial datasets,159,tt0116282,https://www.imdb.com/title/tt0116282/,,,1996,793766,short
movies_12_years_a_slave,movies,12 Years a Slave,IMDb non-commercial datasets,160,tt2024544,https://www.imdb.com/title/tt2024544/,,,2013,792837,long
movies_home_alone,movies,Home Alone,IMDb non-commercial datasets,189,tt0099785,https://www.imdb.com/title/tt0099785/,,,1990,752485,medium
movies_sherlock_holmes,movies,Sherlock Holmes,IMDb non-commercial datasets,209,tt0988045,https://www.imdb.com/title/tt0988045/,,,2009,710257,medium
movies_argo,movies,Argo,IMDb non-commercial datasets,237,tt1024648,https://www.imdb.com/title/tt1024648/,,,2012,671510,short
movies_bohemian_rhapsody,movies,Bohemian Rhapsody,IMDb non-commercial datasets,251,tt1727824,https://www.imdb.com/title/tt1727824/,,,2018,652758,medium
movies_looper,movies,Looper,IMDb non-commercial datasets,260,tt1276104,https://www.imdb.com/title/tt1276104/,,,2012,631638,short
movies_minority_report,movies,Minority Report,IMDb non-commercial datasets,268,tt0181689,https://www.imdb.com/title/tt0181689/,,,2002,625741,medium
movies_the_hobbit_the_battle_of_the_five_armies,movies,The Hobbit: The Battle of the Five Armies,IMDb non-commercial datasets,270,tt2310332,https://www.imdb.com/title/tt2310332/,,,2014,623706,long
movies_the_hangover_part_ii,movies,The Hangover Part II,IMDb non-commercial datasets,291,tt1411697,https://www.imdb.com/title/tt1411697/,,,2011,584106,long
movies_john_wick_chapter_2,movies,John Wick: Chapter 2,IMDb non-commercial datasets,297,tt4425200,https://www.imdb.com/title/tt4425200/,,,2017,576949,long
movies_children_of_men,movies,Children of Men,IMDb non-commercial datasets,307,tt0206634,https://www.imdb.com/title/tt0206634/,,,2006,570271,medium
movies_big_hero_6,movies,Big Hero 6,IMDb non-commercial datasets,316,tt2245084,https://www.imdb.com/title/tt2245084/,,,2014,560212,medium
bands_the_strokes,bands,The Strokes,ListenBrainz all-time artists / MusicBrainz,39,f181961b-20f7-459e-89de-920ef03c7ed0,https://musicbrainz.org/artist/f181961b-20f7-459e-89de-920ef03c7ed0,,,1998,1283177,medium
bands_deftones,bands,Deftones,ListenBrainz all-time artists / MusicBrainz,46,7527f6c2-d762-4b88-b5e2-9244f1e34c46,https://musicbrainz.org/artist/7527f6c2-d762-4b88-b5e2-9244f1e34c46,,,1988,1216460,short
bands_pixies,bands,Pixies,ListenBrainz all-time artists / MusicBrainz,71,b6b2bb8d-54a9-491f-9607-7b546023b433,https://musicbrainz.org/artist/b6b2bb8d-54a9-491f-9607-7b546023b433,,,1986,1048097,short
bands_the_black_keys,bands,The Black Keys,ListenBrainz all-time artists / MusicBrainz,84,d15721d8-56b4-453d-b506-fc915b14cba2,https://musicbrainz.org/artist/d15721d8-56b4-453d-b506-fc915b14cba2,,,2001,986094,medium
bands_panic_at_the_disco,bands,Panic! at the Disco,ListenBrainz all-time artists / MusicBrainz,95,b9472588-93f3-4922-a1a2-74082cdf9ce8,https://musicbrainz.org/artist/b9472588-93f3-4922-a1a2-74082cdf9ce8,,,2004,949962,long
bands_modest_mouse,bands,Modest Mouse,ListenBrainz all-time artists / MusicBrainz,125,a96ac800-bfcb-412a-8a63-0a98df600700,https://musicbrainz.org/artist/a96ac800-bfcb-412a-8a63-0a98df600700,,,1993,817407,medium
bands_the_clash,bands,The Clash,ListenBrainz all-time artists / MusicBrainz,128,8f92558c-2baa-4758-8c38-615519e9deda,https://musicbrainz.org/artist/8f92558c-2baa-4758-8c38-615519e9deda,,,1976,802540,medium
bands_outkast,bands,OutKast,ListenBrainz all-time artists / MusicBrainz,157,73fdb566-a9b1-494c-9f32-51768ec9fd27,https://musicbrainz.org/artist/73fdb566-a9b1-494c-9f32-51768ec9fd27,,,1991,737009,short
bands_the_chemical_brothers,bands,The Chemical Brothers,ListenBrainz all-time artists / MusicBrainz,160,1946a82a-f927-40c2-8235-38d64f50d043,https://musicbrainz.org/artist/1946a82a-f927-40c2-8235-38d64f50d043,,,1989,729052,medium
bands_air,bands,Air,ListenBrainz all-time artists / MusicBrainz,163,cb67438a-7f50-4f2b-a6f1-2bb2729fd538,https://musicbrainz.org/artist/cb67438a-7f50-4f2b-a6f1-2bb2729fd538,,,1995,727228,short
bands_limp_bizkit,bands,Limp Bizkit,ListenBrainz all-time artists / MusicBrainz,178,8f9d6bb2-dba4-4cca-9967-cc02b9f4820c,https://musicbrainz.org/artist/8f9d6bb2-dba4-4cca-9967-cc02b9f4820c,,,1994,704811,medium
bands_aerosmith,bands,Aerosmith,ListenBrainz all-time artists / MusicBrainz,185,3d2b98e5-556f-4451-a3ff-c50ea18d57cb,https://musicbrainz.org/artist/3d2b98e5-556f-4451-a3ff-c50ea18d57cb,,,1970,691484,short
bands_simon_garfunkel,bands,Simon & Garfunkel,ListenBrainz all-time artists / MusicBrainz,193,5d02f264-e225-41ff-83f7-d9b1f0b1874a,https://musicbrainz.org/artist/5d02f264-e225-41ff-83f7-d9b1f0b1874a,,,1963,677723,medium
bands_a_tribe_called_quest,bands,A Tribe Called Quest,ListenBrainz all-time artists / MusicBrainz,217,9689aa5a-4471-4fb4-9721-07cecda0fa9f,https://musicbrainz.org/artist/9689aa5a-4471-4fb4-9721-07cecda0fa9f,,,1985,638723,long
bands_yeah_yeah_yeahs,bands,Yeah Yeah Yeahs,ListenBrainz all-time artists / MusicBrainz,261,584c04d2-4acc-491b-8a0a-e63133f4bfc4,https://musicbrainz.org/artist/584c04d2-4acc-491b-8a0a-e63133f4bfc4,,,2000,569454,medium
bands_twice,bands,TWICE,ListenBrainz all-time artists / MusicBrainz,279,8da127cc-c432-418f-b356-ef36210d82ac,https://musicbrainz.org/artist/8da127cc-c432-418f-b356-ef36210d82ac,,,2015,549300,short
bands_brockhampton,bands,BROCKHAMPTON,ListenBrainz all-time artists / MusicBrainz,290,3ac96b4c-4f42-48c8-b793-84dbf54d7ac6,https://musicbrainz.org/artist/3ac96b4c-4f42-48c8-b793-84dbf54d7ac6,,,2015,539348,short
bands_yes,bands,Yes,ListenBrainz all-time artists / MusicBrainz,359,c1d4f2ba-cf39-460c-9528-6b827d3417a1,https://musicbrainz.org/artist/c1d4f2ba-cf39-460c-9528-6b827d3417a1,,,1968,471564,short
bands_babymetal,bands,BABYMETAL,ListenBrainz all-time artists / MusicBrainz,363,27e2997f-f7a1-4353-bcc4-57b9274fa9a4,https://musicbrainz.org/artist/27e2997f-f7a1-4353-bcc4-57b9274fa9a4,,,2010,469545,short
bands_within_temptation,bands,Within Temptation,ListenBrainz all-time artists / MusicBrainz,368,eace2373-31c8-4aba-9a5c-7bce22dd140a,https://musicbrainz.org/artist/eace2373-31c8-4aba-9a5c-7bce22dd140a,,,1995,462958,medium
bands_infected_mushroom,bands,Infected Mushroom,ListenBrainz all-time artists / MusicBrainz,384,eab76c9f-ff91-4431-b6dd-3b976c598020,https://musicbrainz.org/artist/eab76c9f-ff91-4431-b6dd-3b976c598020,,,1996,446079,medium
bands_pet_shop_boys,bands,Pet Shop Boys,ListenBrainz all-time artists / MusicBrainz,405,be540c02-7898-4b79-9acc-c8122c7d9e83,https://musicbrainz.org/artist/be540c02-7898-4b79-9acc-c8122c7d9e83,,,1981,430095,medium
bands_autechre,bands,Autechre,ListenBrainz all-time artists / MusicBrainz,443,410c9baf-5469-44f6-9852-826524b80c61,https://musicbrainz.org/artist/410c9baf-5469-44f6-9852-826524b80c61,,,1991,407564,short
bands_red_velvet,bands,Red Velvet,ListenBrainz all-time artists / MusicBrainz,490,4f0cb3b7-6c06-4317-ae35-ddf3106a17ee,https://musicbrainz.org/artist/4f0cb3b7-6c06-4317-ae35-ddf3106a17ee,,,2014,387264,medium
bands_morcheeba,bands,Morcheeba,ListenBrainz all-time artists / MusicBrainz,528,067102ea-9519-4622-9077-57ca4164cfbb,https://musicbrainz.org/artist/067102ea-9519-4622-9077-57ca4164cfbb,,,1995,366560,short
bands_empire_of_the_sun,bands,Empire of the Sun,ListenBrainz all-time artists / MusicBrainz,535,ac7e838c-3d95-47c2-92a9-81767ad7c217,https://musicbrainz.org/artist/ac7e838c-3d95-47c2-92a9-81767ad7c217,,,2006,362898,long
bands_ween,bands,Ween,ListenBrainz all-time artists / MusicBrainz,546,c0eee88b-47f2-4cd2-ac48-a045e902a432,https://musicbrainz.org/artist/c0eee88b-47f2-4cd2-ac48-a045e902a432,,,1984,360168,short
bands_the_knife,bands,The Knife,ListenBrainz all-time artists / MusicBrainz,548,bf710b71-48e5-4e15-9bd6-96debb2e4e98,https://musicbrainz.org/artist/bf710b71-48e5-4e15-9bd6-96debb2e4e98,,,1999,359070,medium
bands_trivium,bands,Trivium,ListenBrainz all-time artists / MusicBrainz,564,1f5ff245-2837-4d4a-a609-e93e544478c3,https://musicbrainz.org/artist/1f5ff245-2837-4d4a-a609-e93e544478c3,,,2000,353003,short
bands_siouxsie_and_the_banshees,bands,Siouxsie and the Banshees,ListenBrainz all-time artists / MusicBrainz,577,78ea5ea1-3c4d-4b7e-ac5d-68900319ebe2,https://musicbrainz.org/artist/78ea5ea1-3c4d-4b7e-ac5d-68900319ebe2,,,1976,347400,long
